,accuracy,precision,recall,f1 score,classification accuracy
0,0.9306930693069307,0.8947368421052632,0.7727272727272727,0.8292682926829269,0.40594059405940597
